,0
0,原文
1,読み
2,母音
0,隴西の李徴は博学才穎、天宝の末年、若くして名を虎榜に連ね、ついで江南尉に補せられたが、性、狷介、自ら恃むところ頗る厚く、賤吏に甘んずるを潔しとしなかった
1,隴西ノリチョウハハクガクサイ穎、テンポウノスエネン、ワカクシテナヲトラ榜ニツラネ、ツイデコウナンジョウニホセラレタガ、セイ、ケンカイ、ミズカラ恃むところスコブルアツク、賤吏ニアマンズルヲイサギヨシトシナカッタ
2,ouiioiouaauauaieienououeeaauieaooaouiuaeuieouaouioeaeaaeienaiiuaaiuooououuauueniiaanuuoiaioioiaaua
0,いくばくもなく官を退いた後は、故山、略に帰臥し、人と交を絶って、ひたすら詩作に耽った
1,イクバクモナクカンヲシリゾイタノチハ、コザン、リャクニキガシ、ヒトト交ヲタッテ、ヒタスラシサクニフケッタ
2,iuauoauaoiioiaoiaoaauiiaiiooouoaueiauaiauiueua
0,下吏となって長く膝を俗悪な大官の前に屈するよりは、詩家としての名を死後百年に遺そうとしたのである
1,カリトナッテナガクヒザヲゾクアクナタイカンノマエニクッスルヨリハ、シカトシテノナヲシゴヒャクネンニノコソウトシタノデアル
2,aioaueaauiaoouauaaiaoaeiuuuoiaiaoieoaoioaueiooouoiaoeau
0,しかし、文名は容易に揚らず、生活は日を逐うて苦しくなる
1,シカシ、ブンメイハヨウイニアガラズ、セイカツハヒヲオウテクルシクナル
2,iaiuneiaouiiaaaueiauaiooueuuiuau
0,李徴は漸く焦躁に駆られて来た
1,リチョウハヨウヤクショウソウニカラレテキタ
2,iouaouauououiaaeeia
0,この頃からその容貌も峭刻となり、肉落ち骨秀で、眼光のみ徒らに炯々として、曾て進士に登第した頃の豊頬の美少年の俤は、何処に求めようもない
1,コノコロカラソノヨウボウモ峭刻トナリ、ニクオチホネヒイデ、ガンコウノミイタズラニケイケイトシテ、曾テシンシニトウダイシタコロノホウキョウノビショウネンノオモカゲハ、ドコニモトメヨウモナイ
2,ooooaaooououoououoaiiuoioeiieanouoiiauaieieioieoeiniiouaiiaoooouiouoioueoooaeaooiooeouoai
0,数年の後、貧窮に堪えず、妻子の衣食のために遂に節を屈して、再び東へ赴き、一地方官吏の職を奉ずることになった
1,スウネンノノチ、ヒンキュウニコタエズ、サイシノイショクノタメニツイニフシヲクッシテ、フタタビヒガシヘオモムキ、イチチホウカンリノショクヲホウズルコトニナッタ
2,uueooiiniuuioaeuaiioiouoaeiuiiuiouieuaaiiaieoouiiiiouanioouoouuuooiaua
0,一方、これは、己の詩業に半ば絶望したためでもある
1,イッポウ、コレハ、オノレノシギョウニナカバゼツボウシタタメデモアル
2,iouoeaooeoiouiaaaeuouiaaeeoau
0,曾ての同輩は既に遥か高位に進み、彼が昔、鈍物として歯牙にもかけなかったその連中の下命を拝さねばならぬことが、往年の儁才李徴の自尊心を如何に傷けたかは、想像に難くない
1,曾テノドウハイハスデニハルカコウイニススミ、カレガムカシ、ドンブツトシテシガニモカケナカッタソノレンチュウノカメイヲオガメサネバナラヌコトガ、オウネンノ儁才スモモチョウノジソンシンヲイカニキズツケタカハ、ソウゾウニカタクナイ
2,oeoouaiaueiauaouiiuuiaeauaionuuoieiaioaeaauaooenuuoaeiooaeaeaaauooaoueounaiuooouoionioiaiiuueaaaououiaauai
0,彼は怏々として楽しまず、狂悖の性は愈々抑え難くなった
1,カレハオウオウトシテタノシマズ、キョウモトノセイハイヨイヨオサエガタクナッタ
2,aeaououoieaoiauiouoooeiaioiooaeaauaua
0,一年の後、公用で旅に出、汝水のほとりに宿った時、遂に発狂した
1,イチネンノノチ、コウヨウデタビニデ、ナンジスイノホトリニヤドッタトキ、ツイニハッキョウシタ
2,iieooiououeaiieaniuioooiiaouaoiuiiaouia
0,或夜半、急に顔色を変えて寝床から起上ると、何か訳の分らぬことを叫びつつそのまま下にとび下りて、闇の中へ駈出した
1,アルヤハン、キュウニカオイロヲカエテネドコカラオコリノボルト、ナニカヤクノワカラヌコトヲサケビツツソノママシタニトビオリテ、ヤミノナカヘカダシタ
2,auaaiuuiaoiooaeeeooaaooioouoaiaauoaaauoooaeiuuooaaiaioioieaioaaeaaia
0,彼は二度と戻って来なかった
1,カレハニドトモドッテコナカッタ
2,aeaiooooueoaaua
0,附近の山野を捜索しても、何の手掛りもない
1,フキンノサンヤヲソウサクシテモ、ナニノテガカリモナイ
2,uioanaoouauieoaioeaaioai
0,その後李徴がどうなったかを知る者は、誰もなかった
1,ソノゴリチョウガドウナッタカヲシルモノハ、ダレモナカッタ
2,oooiouaouauaaoiuooaaeoaaua
0,翌年、監察御史、陳郡の袁という者、勅命を奉じて嶺南に使し、途に商於の地に宿った
1,ヨクネン、カンサツゴシ、ヒネグンノ袁トイウモノ、チョクメイヲホウジテミネミナミニツカイシ、トニショウ於ノチニヤドッタ
2,oueanauoiieuoeoiuoooueioouieieiaiiuaiioiouooiiaoua
0,次の朝未だ暗い中に出発しようとしたところ、駅吏が言うことに、これから先の道に人喰虎が出る故、旅人は白昼でなければ、通れない
1,ツギノアサイマダクライナカニシュッパツシヨウトシタトコロ、エキ吏ガイウコトニ、コレカラサキノミチニヒトクエトラガデルユエ、タビビトハハクチュウデナケレバ、トオレナイ
2,uioaaiaauaiaaiuauiouoiaoooeiiaiuooioeaaaioiiiioueoaaeuueaiioaauuueaeeaooeai
0,今はまだ朝が早いから、今少し待たれたが宜しいでしょうと
1,イマハマダアサガハヤイカラ、イマスクナシマタレタガヨロシイデショウト
2,iaaaaaaaaaiaaiauuaiaaeaaooiieouo
0,袁は、しかし、供廻りの多勢なのを恃み、駅吏の言葉を斥けて、出発した
1,袁ハ、シカシ、トモマワリノタゼイナノヲ恃ミ、エキ吏ノコトバヲシリゾケテ、シュッパツシタ
2,eaiaiooaaioaeiaooiieiioooaoiioeeuauia
0,残月の光をたよりに林中の草地を通って行った時、果して一匹の猛虎が叢の中から躍り出た
1,ザンゲツノヒカリヲタヨリニハヤシチュウノクサチヲトオッテイッタトキ、ハタシテイチヒキノモウコガクサムラノナカカラオドリデタ
2,aneuoiaioaoiiaaiuuouaioooueiuaoiaaieiiiioouoauauaoaaaaooiea
0,虎は、あわや袁に躍りかかるかと見えたが、忽ち身を飜して、元の叢に隠れた
1,トラハ、アワヤ袁ニオドリカカルカトミエタガ、タチマチミヲ飜シテ、モトノクサムラニカクレタ
2,oaaaaaeiooiaauaoieaaaiaiiooieooouauaiauea
0,叢の中から人間の声で「あぶないところだった」と繰返し呟くのが聞えた
1,クサムラノナカカラニンゲンノコエデ「アブナイトコロダッタ」トクリカエシツブヤクノガキコエタ
2,uauaoaaaaineooeeauaioooauaouiaeiuuauoaioea
0,その声に袁は聞き憶えがあった
1,ソノコエニ袁ハキキオボエガアッタ
2,oooeieaiiooeaaua
0,驚懼の中にも、彼は咄嗟に思いあたって、叫んだ
1,オドロキ懼ノナカニモ、カレハトッサニオモイアタッテ、サケンダ
2,oooiuoaaioaeaoaiooiaaueaea
0,「その声は、我が友、李徴子ではないか？」袁は李徴と同年に進士の第に登り、友人の少かった李徴にとっては、最も親しい友であった
1,「ソノコエハ、ワガトモ、リチョウコデハナイカ？」袁ハリチョウトドウネンニシンシノダイニノボリ、ユウジンノスクナカッタリチョウニトッテハ、モットモシタシイトモデアッタ
2,oooeaaaooiouoeaaiaeaiouooueiinioaiiooiuuiouuaauaiouioeaoooiaiiooeaua
0,温和な袁の性格が、峻峭な李徴の性情と衝突しなかったためであろう
1,オンワナ袁ノセイカクガ、タカシ峭ナリシルシノセイジョウトショウトツシナカッタタメデアロウ
2,onaaeoeiauaaaiouaiiuioeiouoououiaauaaeeaou
0,叢の中からは、暫く返辞が無かった
1,クサムラノナカカラハ、シバラクヘンジガナカッタ
2,uauaoaaaaaiaaueniaaaua
0,しのび泣きかと思われる微かな声が時々洩れるばかりである
1,シノビナキカトオモワレルカスカナコエガトキドキモレルバカリデアル
2,ioiaiaoooaeuauaaoeaoioioeuaaieau
0,ややあって、低い声が答えた
1,ヤヤアッテ、ヒクイコエガコタエタ
2,aaaueiuioeaoaea
0,「如何にも自分は隴西の李徴である」と
1,「イカニモジブンハ隴西ノリシルシデアル」ト
2,iaioiuaouiioiiuieauo
0,袁は恐怖を忘れ、馬から下りて叢に近づき、懐かしげに久闊を叙した
1,袁ハキョウフヲワスレ、ウマカラオリテクサムラニチカヅキ、ナツカシゲニキュウカツヲジョシタ
2,eaiouuoaueuaaaoieuauaiiauiauaieiiuuauooia
0,そして、何故叢から出て来ないのかと問うた
1,ソシテ、ナゼクサムラカラデテコナイノカトトウタ
2,oieaeuauaaaeeoaioaooua
0,李徴の声が答えて言う
1,リシルシノコエガコタエテイウ
2,iiuiooeaoaeeiu
0,自分は今や異類の身となっている
1,ジブンハイマヤイルイノミトナッテイル
2,iuaiaaiuioioaueiu
0,どうして、おめおめと故人の前にあさましい姿をさらせようか
1,ドウシテ、オメオメトコジンノマエニアサマシイスガタヲサラセヨウカ
2,ouieoeoeooioaeiaaaiiuaaoaaeoua
0,かつ又、自分が姿を現せば、必ず君に畏怖嫌厭の情を起させるに決っているからだ
1,カツマタ、ジブンガスガタヲアラワセバ、カナラズキミニイフイヤイヤノジョウヲオコサセルニキマッテイルカラダ
2,auaaiuauaaoaaaeaaaauiiiiuiaiaoouoooaeuiiaueiuaaa
0,しかし、今、図らずも故人に遇うことを得て、愧赧の念をも忘れる程に懐かしい
1,シカシ、イマ、ハカラズモコジンニアウコトヲエテ、愧赧ノネンヲモワスレルホドニナツカシイ
2,iaiiaaaauooiiauoooeeioeooaueuooiauaii
0,どうか、ほんの暫くでいいから、我が醜悪な今の外形を厭わず、曾て君の友李徴であったこの自分と話を交してくれないだろうか
1,ドウカ、ホンノシバラクデイイカラ、ワガシュウアクナイマノガイケイヲイトワズ、曾テキミノトモリシルシデアッタコノジブントハナシヲカワシテクレナイダロウカ
2,ouaonoiaaueiiaaaauuauaiaoaieioioauoeiioooiiuieauaooiuoaaioaaieueaiaoua
0,後で考えれば不思議だったが、その時、袁は、この超自然の怪異を、実に素直に受容れて、少しも怪もうとしなかった
1,アトデカンガエレバフシギダッタガ、ソノトキ、袁ハ、コノチョウシゼンノカイイヲ、ジツニスナオニジュヨウレテ、スコシモカイモウトシナカッタ
2,aoeanaeeauiiauaaoooieaooouieoaiioiuiuaoiuoueeuoioaiouoiaaua
0,彼は部下に命じて行列の進行を停め、自分は叢の傍に立って、見えざる声と対談した
1,カレハブカニメイジテギョウレツノシンコウヲトメ、ジブンハクサムラノハタニタッテ、ミエザルコエトタイダンシタ
2,aeauaieiieoueuoinouooeiuauauaoaaiaueieauoeoaiaia
0,都の噂、旧友の消息、袁が現在の地位、それに対する李徴の祝辞
1,トノウワサ、キュウユウノショウソク、袁ガゲンザイノチイ、ソレニタイスルリシルシノシュクジ
2,oouaaiuuuuoououeaenaioiioeiaiuuiiuiouui
0,青年時代に親しかった者同志の、あの隔てのない語調で、それ等が語られた後、袁は、李徴がどうして今の身となるに至ったかを訊ねた
1,セイネンジダイニシタシカッタモノドウシノ、アノヘダテノナイゴチョウデ、ソレトウガカタラレタノチ、袁ハ、リチョウガドウシテイマノミトナルニイタッタカヲタズネタ
2,eieiaiiiaiauaooouioaoeaeoaiooueoeouaaaaeaoieaiouaouieiaoioauiiauaaoauea
0,草中の声は次のように語った
1,クサチュウノコエハツギノヨウニカタッタ
2,uauuooeauioouiaaua
0,今から一年程前、自分が旅に出て汝水のほとりに泊った夜のこと、一睡してから、ふと眼を覚ますと、戸外で誰かが我が名を呼んでいる
1,イマカライチネンホドマエ、ジブンガタビニデテナンジスイノホトリニトマッタヨルノコト、イッスイシテカラ、フトメヲサマスト、コガイデダレカガワガナヲヨンデイル
2,iaaaiieooaeiuaaiieeaniuioooiioauaouoooiuiieaauoeoaauooaieaeaaaaaooeiu
0,声に応じて外へ出て見ると、声は闇の中から頻りに自分を招く
1,コエニオウジテソトヘデテミルト、コエハヤミノナカカラシキリニジブンヲマネク
2,oeiouieooeeeiuooeaaioaaaaiiiiiuoaeu
0,覚えず、自分は声を追うて走り出した
1,オボエズ、ジブンハコエヲオウテハシリダシタ
2,ooeuiuaoeooueaiiaia
0,無我夢中で駈けて行く中に、何時しか途は山林に入り、しかも、知らぬ間に自分は左右の手で地を攫んで走っていた
1,ムガムチュウデカケテイクナカニ、イツシカトハサンリンニハイリ、シカモ、シラヌマニジブンハサユウノテデチヲツカンデハシッテイタ
2,uauuueaeeiuaaiiuiaoaaniiaiiiaoiauaiiuaauuoeeiouaeaiueia
0,何か身体中に力が充ち満ちたような感じで、軽々と岩石を跳び越えて行った
1,ナニカシンタイチュウニチカラガミチミチタヨウナカンジデ、カルガルトガンセキヲトビコエテイッタ
2,aiainaiuuiiaaaiiiiaouaanieauauoaneiooioeeiua
0,気が付くと、手先や肱のあたりに毛を生じているらしい
1,キガツクト、テサキヤヒジノアタリニケヲショウジテイルラシイ
2,iauuoeaiaiioaaiieoouieiuaii
0,少し明るくなってから、谷川に臨んで姿を映して見ると、既に虎となっていた
1,ショウシアカルクナッテカラ、タニガワニノゾンデスガタヲウツシテミルト、スデニトラトナッテイタ
2,ouiaauuaueaaaiaaiooeuaaouuieiuoueioaoaueia
0,自分は初め眼を信じなかった
1,ジブンハハジメメヲシンジナカッタ
2,iuaaieeoiniaaua
0,次に、これは夢に違いないと考えた
1,ツギニ、コレハユメニチガイナイトカンガエタ
2,uiioeaueiiaiaioanaea
0,夢の中で、これは夢だぞと知っているような夢を、自分はそれまでに見たことがあったから
1,ユメノナカデ、コレハユメダゾトシッテイルヨウナユメヲ、ジブンハソレマデニミタコトガアッタカラ
2,ueoaaeoeaueaooiueiuouaueoiuaoeaeiiaooaauaaa
0,どうしても夢でないと悟らねばならなかった時、自分は茫然とした
1,ドウシテモユメデナイトサトラネバナラナカッタトキ、ジブンハボウゼントシタ
2,ouieoueeaioaoaeaaaaauaoiiuaoueoia
0,そうして懼れた
1,ソウシテ懼レタ
2,ouieuea
0,全く、どんな事でも起り得るのだと思うて、深く懼れた
1,マッタク、ドンナコトデモオコリエルノダトオモウテ、フカク懼レタ
2,aauonaooeoooieuoaoooueuauuea
0,しかし、何故こんな事になったのだろう
1,シカシ、ナゼコンナジニナッタノダロウ
2,iaiaeonaiiauaoaou
0,分らぬ
1,ワカラヌ
2,aaau
0,全く何事も我々には判らぬ
1,マッタクナニゴトモワレワレニハワカラヌ
2,aauaioooaeaeiaaaau
0,理由も分らずに押付けられたものを大人しく受取って、理由も分らずに生きて行くのが、我々生きもののさだめだ
1,リユウモワカラズニオシツケラレタモノヲオトナシクウケトッテ、リユウモワカラズニイキテイクノガ、ワレワレイキモノノサダメダ
2,iuuoaaauioiueaeaoooooaiuueoueiuuoaaauiiieiuoaaeaeiioooaaea
0,自分は直ぐに死を想うた
1,ジブンハスグニシヲオモウタ
2,iuauuiioooua
0,しかし、その時、眼の前を一匹の兎が駈け過ぎるのを見た途端に、自分の中の人間は忽ち姿を消した
1,シカシ、ソノトキ、メノマエヲイチヒキノウサギガカケスギルノヲミタトタンニ、ジブンノナカノニンゲンハタチマチスガタヲケシタ
2,iaioooieoaeoiiiiouaiaaeuiuooiaoaiiuoaaoineaaiaiuaaoeia
0,再び自分の中の人間が目を覚ました時、自分の口は兎の血に塗れ、あたりには兎の毛が散らばっていた
1,フタタビジブンノナカノニンゲンガメヲサマシタトキ、ジブンノクチハウサギノチニヌレ、アタリニハウノケガチラバッテイタ
2,uaaiiuoaaoineaeoaaiaoiiuouiauaioiiueaaiiauoeaiaaueia
0,これが虎としての最初の経験であった
1,コレガトラトシテノサイショノケイケンデアッタ
2,oeaoaoieoaiooeieeaua
0,それ以来今までにどんな所行をし続けて来たか、それは到底語るに忍びない
1,ソレイライイママデニドンナショギョウヲシツヅケテキタカ、ソレハトウテイカタルニシノビナイ
2,oeiaiiaaeionaoouoiuueeiaaoeaoueiaauiioiai
0,ただ、一日の中に必ず数時間は、人間の心が還って来る
1,タダ、イチニチノナカニカナラズスウジカンハ、ニンゲンノココロガカエッテクル
2,aaiiiioaaiaaauuuiaaineooooaaeueuu
0,そういう時には、曾ての日と同じく、人語も操れれば、複雑な思考にも堪え得るし、経書の章句を誦んずることも出来る
1,ソウイウトキニハ、曾テノヒトオナジク、ジンゴモアヤツレレバ、フクザツナシコウニモコタエエルシ、ケイショノショウクヲ誦ンズルコトモデキル
2,ouiuoiiaoeoiooaiuinooaaueeauuauaiouiooaeeuieiooouuoouuuoooeiu
0,その人間の心で、虎としての己の残虐な行のあとを見、己の運命をふりかえる時が、最も情なく、恐しく、憤ろしい
1,ソノニンゲンノココロデ、トラトシテノオノレノザンギャクナクダリノアトヲミ、オノレノウンメイヲフリカエルトキガ、モットモナサケナク、オソレシク、イキドオロシイ
2,ooineooooeoaoieoooeoaniauauaioaooiooeouneiouiaeuoiaoooaaeauooeiuiioooii
0,しかし、その、人間にかえる数時間も、日を経るに従って次第に短くなって行く
1,シカシ、ソノ、ニンゲンニカエルスウジカンモ、ヒヲヘルニシタガッテシダイニミジカクナッテイク
2,iaiooineiaeuuuiaoioeuiiaaeiaiiiiauaueiu
0,今までは、どうして虎などになったかと怪しんでいたのに、この間ひょいと気が付いて見たら、己はどうして以前、人間だったのかと考えていた
1,イママデハ、ドウシテトラナドニナッタカトアヤシンデイタノニ、コノカンヒョイトキガツイテミタラ、オノレハドウシテイゼン、ニンゲンダッタノカトカンガエテイタ
2,iaaeaouieoaaoiauaaoaaieiaoiooaoioiauieiaaooeaouieieineauaoaoanaeeia
0,これは恐しいことだ
1,コレハコワシイコトダ
2,oeaoaiiooa
0,今少し経てば、己の中の人間の心は、獣としての習慣の中にすっかり埋れて消えて了うだろう
1,イマスクナシタテバ、オノレノナカノニンゲンノココロハ、シシトシテノシュウカンノナカニスッカリウモレテギエテリョウウダロウ
2,iauuaiaeaooeoaaoineooooaiioieouuaoaaiuaiuoeeieeouuaou
0,ちょうど、古い宮殿の礎が次第に土砂に埋没するように
1,チョウド、フルイキュウデンノイシズエガシダイニドシャニマイボツスルヨウニ
2,ououuiiuueoiiueaiaiioaiaiouuuoui
0,そうすれば、しまいに己は自分の過去を忘れ果て、一匹の虎として狂い廻り、今日のように途で君と出会っても故人と認めることなく、君を裂き喰うて何の悔も感じないだろう
1,ソウスレバ、シマイニオノレハジブンノカコヲワスレハテ、イチヒキノトラトシテクルイマワリ、キョウノヨウニトデキミトデアッテモコジントミトメルコトナク、キミヲサキクウテナニノクヤモカンジナイダロウ
2,ouueaiaiiooeaiuoaooaueaeiiiiooaoieuuiaaiiouoouioeiioeaueooioioeuooauiioaiuueaiouaoaniaiaou
0,一体、獣でも人間でも、もとは何か他のものだったんだろう
1,イッタイ、シシデモニンゲンデモ、モトハナニカタノモノダッタンダロウ
2,iaiiieoineeoooaaiaaoooauaaou
0,初めはそれを憶えているが、次第に忘れて了い、初めから今の形のものだったと思い込んでいるのではないか？　いや、そんな事はどうでもいい
1,ハジメハソレヲオボエテイルガ、シダイニワスレテリョウイ、ハジメカライマノカタチノモノダッタトオモイコンデイルノデハナイカ？　イヤ、ソンナコトハドウデモイイ
2,aieaoeoooeeiuaiaiiaueeouiaieaaiaoaaioooauaoooioeiuoeaaiaiaonaooaoueoii
0,己の中の人間の心がすっかり消えて了えば、恐らく、その方が、己はしあわせになれるだろう
1,オノレノナカノニンゲンノココロガスッカリキエテリョウエバ、オソラク、ソノホウガ、オノレハシアワセニナレルダロウ
2,ooeoaaoineooooauaiieeoueaooauooouaooeaiaaeiaeuaou
0,だのに、己の中の人間は、その事を、この上なく恐しく感じているのだ
1,ダノニ、オノレノナカノニンゲンハ、ソノコトヲ、コノウエナクオソレシクカンジテイルノダ
2,aoiooeoaaoineaoooooooueauooeiuanieiuoa
0,ああ、全く、どんなに、恐しく、哀しく、切なく思っているだろう！　己が人間だった記憶のなくなることを
1,アア、マッタク、ドンナニ、オソレシク、カナシク、セツナクオモッテイルダロウ！　オノレガニンゲンダッタキオクノナクナルコトヲ
2,aaaauonaiooeiuaaiueuauooueiuaouooeaineauaiouoauauooo
0,この気持は誰にも分らない
1,コノキモチハダレニモワカラナイ
2,ooioiaaeioaaaai
0,誰にも分らない
1,ダレニモワカラナイ
2,aeioaaaai
0,己と同じ身の上に成った者でなければ
1,オノレトオナジミノウエニナッタモノデナケレバ
2,ooeooaiioueiauaooeaeea
0,ところで、そうだ
1,トコロデ、ソウダ
2,oooeoua
0,己がすっかり人間でなくなって了う前に、一つ頼んで置きたいことがある
1,オノレガスッカリニンゲンデナクナッテリョウウマエニ、ヒトツタノンデオキタイコトガアル
2,ooeauaiineeauaueouuaeiiouaoeoiaiooaau
0,袁はじめ一行は、息をのんで、叢中の声の語る不思議に聞入っていた
1,袁ハジメイチコウハ、イキヲノンデ、クサムラチュウノコエノカタルフシギニキキイッテイタ
2,eaieiiouaiiooeuauauuooeoaauuiiiiiiueia
0,声は続けて言う
1,コエハツヅケテイウ
2,oeauueeiu
0,他でもない
1,タデモナイ
2,aeoai
0,自分は元来詩人として名を成す積りでいた
1,ジブンハガンライシジントシテナヲナスツモリデイタ
2,iuaanaiiioieaoauuoieia
0,しかも、業未だ成らざるに、この運命に立至った
1,シカモ、ワザイマダナラザルニ、コノウンメイニタチイタッタ
2,iaoaaiaaaaauioouneiiaiiaua
0,曾て作るところの詩数百篇、固より、まだ世に行われておらぬ
1,曾テツクルトコロノシスウヒャクヘン、モトヨリ、マダヨニオコナワレテオラヌ
2,oeuuuooooiuuaueoooiaaoiooaaeeoau
0,遺稿の所在も最早判らなくなっていよう
1,イコウノショザイモモハヤワカラナクナッテイヨウ
2,iouooaiooaaaaaauaueiou
0,ところで、その中、今も尚記誦せるものが数十ある
1,トコロデ、ソノナカ、イマモナオキショウセルモノガスウジュウアル
2,oooeooaaiaoaoioueuooauuuuau
0,これを我が為に伝録して戴きたいのだ
1,コレヲワガタメニツテロクシテイタダキタイノダ
2,oeoaaaeiueouieiaaiaioa
0,何も、これに仍って一人前の詩人面をしたいのではない
1,ナニモ、コレニ仍ッテイチニンマエノシジンメンヲシタイノデハナイ
2,aiooeioueiiinaeoiieoiaioeaai
0,作の巧拙は知らず、とにかく、産を破り心を狂わせてまで自分が生涯それに執着したところのものを、一部なりとも後代に伝えないでは、死んでも死に切れないのだ
1,サクノコウセツハシラズ、トニカク、サンヲヤブリシンヲクルワセテマデジブンガショウガイソレニシュウチャクシタトコロノモノヲ、イチブナリトモコウダイニツタエナイデハ、シンデモシニキレナイノダ
2,auooueuaiauoiauaoauiiouuaeeaeiuaouaioeiuuauiaoooooooiiuaiooouaiiuaeaieaieoiiieaioa
0,袁は部下に命じ、筆を執って叢中の声に随って書きとらせた
1,袁ハブカニメイジ、フデヲトッテクサムラチュウノコエニシタガッテカキトラセタ
2,eauaieiiueooueuauauuooeiiaaueaioaea
0,李徴の声は叢の中から朗々と響いた
1,リシルシノコエハクサムラノナカカラロウロウトヒビイタ
2,iiuiooeauauaoaaaaououoiiia
0,長短凡そ三十篇、格調高雅、意趣卓逸、一読して作者の才の非凡を思わせるものばかりである
1,チョウタンオヨソサンジュウヘン、カクチョウコウガ、イシュタクイッ、イチドクシテサクシャノサイノヒボンヲオモワセルモノバカリデアル
2,ouaoooauueauououaiuauiuiiouieauaoaioiooooaeuooaaieau
0,しかし、袁は感嘆しながらも漠然と次のように感じていた
1,シカシ、袁ハカンタンシナガラモバクゼントツギノヨウニカンジテイタ
2,iaieaanaiaaaoauenouioouianieia
0,成程、作者の素質が第一流に属するものであることは疑いない
1,ナリホド、サクシャノソシツガダイイチリュウニゾクスルモノデアルコトハウタガイナイ
2,aiooauaooiuaaiiiuuiouuuooeauooauaaiai
0,しかし、このままでは、第一流の作品となるのには、何処か（非常に微妙な点に於て）欠けるところがあるのではないか、と
1,シカシ、コノママデハ、ダイイチリュウノサクヒントナルノニハ、ドコカ（ヒジョウニビミョウナテンニ於テ）カケルトコロガアルノデハナイカ、ト
2,iaiooaaeaaiiiuuoauioauoiaooaiouiiouaeioeaeuoooaauoeaaiao
0,旧詩を吐き終った李徴の声は、突然調子を変え、自らを嘲るか如くに言った
1,キュウシヲハキオワッタリシルシノコエハ、トツゼンチョウシヲカエ、ミズカラヲアザケルカゴトクニイッタ
2,iuuioaioauaiiuiooeaoueouioaeiuaaoaaeuaoouiiua
0,羞しいことだが、今でも、こんなあさましい身と成り果てた今でも、己は、己の詩集が長安風流人士の机の上に置かれている様を、夢に見ることがあるのだ
1,羞シイコトダガ、イマデモ、コンナアサマシイミトナリハテタイマデモ、オノレハ、オノレノシシュウガナガヤスフウリュウジンシノツクエノジョウニオカレテイルサマヲ、ユメニミルコトガアルノダ
2,uuiiooaaiaeoonaaaaiiioaiaeaiaeoooeaooeoiuuaaaauuuuuiniouueoouioaeeiuaaoueiiuooaauoa
0,岩窟の中に横たわって見る夢にだよ
1,ガンクツノナカニヨコタワッテミルユメニダヨ
2,anuuoaaiooaaueiuueiao
0,嗤ってくれ
1,嗤ッテクレ
2,ieue
0,詩人に成りそこなって虎になった哀れな男を
1,シジンニナリソコナッテトラニナッタアワレナオトコヲ
2,iiiaiooaueoaiauaaaeaoooo
0,（袁は昔の青年李徴の自嘲癖を思出しながら、哀しく聞いていた
1,（袁ハムカシノセイネンスモモチョウノジチョウヘキヲオモイダシナガラ、カナシクキイテイタ
2,eauaioeieuooouoioueioooiaiaaaaaiuiieia
0,）そうだ
1,）ソウダ
2,oua
0,お笑い草ついでに、今の懐を即席の詩に述べて見ようか
1,オワライグサツイデニ、イマノフトコロヲソクセキノシニノベテミヨウカ
2,oaaiuauieiiaouoooooueioiioeeioua
0,この虎の中に、まだ、曾ての李徴が生きているしるしに
1,コノトラノナカニ、マダ、曾テノリチョウガイキテイルシルシニ
2,oooaoaaiaaoeoiouaiieiuiuii
0,袁は又下吏に命じてこれを書きとらせた
1,袁ハマタシモ吏ニメイジテコレヲカキトラセタ
2,eaaaioiieiieoeoaioaea
0,その詩に言う
1,ソノシニイウ
2,ooiiiu
0,偶因狂疾成殊類　災患相仍不可逃今日爪牙誰敢敵　当時声跡共相高我為異物蓬茅下　君已乗気勢豪此夕渓山対明月　不成長嘯但成時に、残月、光冷やかに、白露は地に滋く、樹間を渡る冷風は既に暁の近きを告げていた
1,グウインキョウシツナリコトルイ　ワザワイ患相仍フカ逃キョウソウガダレ敢敵　トウジコエアトドモショウダカワガタメイブツヨモギチガヤカ　キミヤメノリキイキオイエラ此夕ケイザンタイメイゲツ　フセイチョウ嘯但ナリトキニ、ザンゲツ、ヒカリヒヤヤカニ、シラツユハチニシゲルク、キカンヲワタルレイフウハスデニアカツキノチカキヲツゲテイタ
2,uuiiouiuaioouiaaaianououuaouiououaaeaneiouioeaoooouaaaaaeiuuooiiaaaiiaeoiiiioieaoeuueiaaieieuueiououaaaioiianeuiaiiaaaiiauuaiiieuuiaoaaueiuuaueiaauioiaioueeia
0,人々は最早、事の奇異を忘れ、粛然として、この詩人の薄倖を嘆じた
1,ヒトビトハモハヤ、コトノキイヲワスレ、シュクゼントシテ、コノシジンノハッコウヲ嘆ジタ
2,ioioaoaaoooiioaueuueoieooiioaouoaia
0,李徴の声は再び続ける
1,リシルシノコエハフタタビツヅケル
2,iiuiooeauaaiuueu
0,何故こんな運命になったか判らぬと、先刻は言ったが、しかし、考えように依れば、思い当ることが全然ないでもない
1,ナゼコンナウンメイニナッタカワカラヌト、センコクハイッタガ、シカシ、カンガエヨウニヨレバ、オモイアタルコトガゼンゼンナイデモナイ
2,aeonauneiiauaaaaauoenouaiuaaiaianaeouioeaooiaauooaeneaieoai
0,人間であった時、己は努めて人との交を避けた
1,ニンゲンデアッタトキ、オノレハツトメテヒトトノ交ヲサケタ
2,ineeauaoiooeauoeeioooouoaea
0,人々は己を倨傲だ、尊大だといった
1,ヒトビトハオノレヲキョゴウダ、ソンダイダトイッタ
2,ioioaooeoioouaonaiaoiua
0,実は、それが殆ど羞恥心に近いものであることを、人々は知らなかった
1,ジツハ、ソレガホトンドシュウチシンニチカイモノデアルコトヲ、ヒトビトハシラナカッタ
2,iuaoeaoonouuiiiiaiooeauoooioioaiaaaua
0,勿論、曾ての郷党の鬼才といわれた自分に、自尊心が無かったとは云わない
1,モチロン、曾テノキョウトウノキサイトイワレタジブンニ、ジソンシンガナカッタトハイワナイ
2,oiooeoiououoiaioiaeaiuiioniaaauaoaiaai
0,しかし、それは臆病な自尊心とでもいうべきものであった
1,シカシ、ソレハオクビョウナジソンシントデモイウベキモノデアッタ
2,iaioeaououaionioeoiueiooeaua
0,己は詩によって名を成そうと思いながら、進んで師に就いたり、求めて詩友と交って切磋琢磨に努めたりすることをしなかった
1,オノレハシニヨッテナヲナソウトオモイナガラ、ススンデシニツイタリ、モトメテシトモトカッテセッサタクマニツトメタリスルコトヲシナカッタ
2,ooeaiioeaoaouoooiaaauueiiuiaiooeeioooaueeaauaiuoeaiuuoooiaaua
0,かといって、又、己は俗物の間に伍することも潔しとしなかった
1,カトイッテ、マタ、オノレハゾクブツノマニゴスルコトモイサギヨシトシナカッタ
2,aoiueaaooeaouuuoaiouuoooiaioioiaaua
0,共に、我が臆病な自尊心と、尊大な羞恥心との所為である
1,トモニ、ワガオクビョウナジソンシント、ソンダイナシュウチシントノセイデアル
2,ooiaaououaionioonaiauuiiooeieau
0,己の珠に非ざることを惧れるが故に、敢て刻苦して磨こうともせず、又、己の珠なるべきを半ば信ずるが故に、碌々として瓦に伍することも出来なかった
1,オノレノタマニヒザルコトヲ惧レルガユエニ、敢テコックシテミガコウトモセズ、マタ、オノレノタマナルベキヲナカバシンズルガユエニ、ロクロクトシテカワラニゴスルコトモデキナカッタ
2,ooeoaaiiauoooueuaueiaeouieiaouooeuaaooeoaaaueioaaainuuaueiououoieaaaiouuoooeiaaua
0,己は次第に世と離れ、人と遠ざかり、憤悶と慙恚とによって益々己の内なる臆病な自尊心を飼いふとらせる結果になった
1,オノレハシダイニヨトハナレ、ヒトトトオザカリ、イキドオモダエト慙恚トニヨッテマスマスオノレノウチナルオクビョウナジソンシンヲカイフトラセルケッカニナッタ
2,ooeaiaiiooaaeiooooaaiiioooaeoaioioeauauooeouiauououaionioaiuoaeueaiaua
0,人間は誰でも猛獣使であり、その猛獣に当るのが、各人の性情だという
1,ニンゲンハダレデモモウジュウシデアリ、ソノモウジュウニアタルノガ、カクジンノセイジョウダトイウ
2,ineaaeeoouuuieaiooouuuiaauoaauioeiouaoiu
0,己の場合、この尊大な羞恥心が猛獣だった
1,オノレノバアイ、コノソンダイナシュウチシンガモウジュウダッタ
2,ooeoaaiooonaiauuiiaouuuaua
0,虎だったのだ
1,トラダッタノダ
2,oaauaoa
0,これが己を損い、妻子を苦しめ、友人を傷つけ、果ては、己の外形をかくの如く、内心にふさわしいものに変えて了ったのだ
1,コレガオノレヲソコナイ、サイシヲクルシメ、ユウジンヲキズツケ、ハテハ、オノレノガイケイヲカクノゴトク、ナイシンニフサワシイモノニカエテリョウッタノダ
2,oeaooeoooaiaiiouuieuuioiuueaeaooeoaieioauooouaiiiuaaiiooiaeeouuaoa
0,今思えば、全く、己は、己の有っていた僅かばかりの才能を空費して了った訳だ
1,イマオモエバ、マッタク、オノレハ、オノレノアッテイタワズカバカリノサイノウヲクウヒシテリョウッタワケダ
2,iaooeaaauooeaooeoaueiaauaaaioaiououuiieouuaaea
0,人生は何事をも為さぬには余りに長いが、何事かを為すには余りに短いなどと口先ばかりの警句を弄しながら、事実は、才能の不足を暴露するかも知れないとの卑怯な危惧と、刻苦を厭う怠惰とが己の凡てだったのだ
1,ジンセイハナニゴトヲモナサヌニハアマリニナガイガ、ナニゴトカヲナスニハアマリニミジカイナドトクチサキバカリノケイクヲロウシナガラ、ジジツハ、サイノウノフソクヲバクロスルカモシレナイトノヒキョウナキグト、コックヲイトウタイダトガオノレノスベテダッタノダ
2,ineiaaiooooaauiaaaiiaaiaaiooaoauiaaaiiiiaiaoouiaiaaioeiuoouiaaaiiuaaiouououoauouuaoieaiooiiouaiuoouoiouaiaoaooeoueeauaoa
0,己よりも遥かに乏しい才能でありながら、それを専一に磨いたがために、堂々たる詩家となった者が幾らでもいるのだ
1,オノレヨリモハルカニトボシイサイノウデアリナガラ、ソレヲセンイツニミガイタガタメニ、ドウドウタルシカトナッタモノガイクラデモイルノダ
2,ooeoioauaiooiiaioueaiaaaoeoeniuiiaiaaaeiououauiaoauaooaiuaeoiuoa
0,虎と成り果てた今、己は漸くそれに気が付いた
1,トラトナリハテタイマ、オノレハヨウヤクソレニキガツイタ
2,oaoaiaeaiaooeaouauoeiiauia
0,それを思うと、己は今も胸を灼かれるような悔を感じる
1,ソレヲオモウト、オノレハイマモムネヲヤカレルヨウナ悔ヲカンジル
2,oeooouoooeaiaoueoaaeuouaaioaniu
0,己には最早人間としての生活は出来ない
1,オノレニハモハヤニンゲントシテノセイカツハデキナイ
2,ooeiaoaaineoieoeiauaeiai
0,たとえ、今、己が頭の中で、どんな優れた詩を作ったにしたところで、どういう手段で発表できよう
1,タトエ、イマ、オノレガアタマノナカデ、ドンナスグレタシヲツクッタニシタトコロデ、ドウイウシュダンデハッピョウデキヨウ
2,aoeiaooeaaaaoaaeonauueaiouuuaiiaoooeouiuuaeaoueiou
0,まして、己の頭は日毎に虎に近づいて行く
1,マシテ、オノレノアタマハヒゴトニトラニチカヅイテイク
2,aieooeoaaaaiooioaiiauieiu
0,どうすればいいのだ
1,ドウスレバイイノダ
2,ouueaiioa
0,己の空費された過去は？　己は堪らなくなる
1,オノレノクウヒサレタカコハ？　オノレハタマラナクナル
2,ooeouuiaeaaoaooeaaaaauau
0,そういう時、己は、向うの山の頂の巖に上り、空谷に向って吼える
1,ソウイウトキ、オノレハ、ムコウノヤマノイタダキノイワニノボリ、クウコクニムカッテホエル
2,ouiuoiooeauouoaaoiaaioiaiooiuuouiuaueoeu
0,この胸を灼く悲しみを誰かに訴えたいのだ
1,コノムネヲヤクカナシミヲダレカニウッタエタイノダ
2,ooueoauaaiioaeaiuaeaioa
0,己は昨夕も、彼処で月に向って咆えた
1,オノレハサクユウモ、アソコデツキニムカッテ咆エタ
2,ooeaauuuoaooeuiiuaueouea
0,誰かにこの苦しみが分って貰えないかと
1,ダレカニコノクルシミガワカッテモラエナイカト
2,aeaioouuiiaaaueoaeaiao
0,しかし、獣どもは己の声を聞いて、唯、懼れ、ひれ伏すばかり
1,シカシ、シシドモハオノレノコエヲキイテ、タダ、懼レ、ヒレフスバカリ
2,iaiiiooaooeooeoiieaaueieuuaai
0,山も樹も月も露も、一匹の虎が怒り狂って、哮っているとしか考えない
1,ヤマモキモツキモアラワモ、イチヒキノトラガイカリクルッテ、タケッテイルトシカカンガエナイ
2,aaoiouioaaaoiiiiooaaiaiuuueaeueiuoiaanaeai
0,天に躍り地に伏して嘆いても、誰一人己の気持を分ってくれる者はない
1,テンニオドリチニフシテナゲイテモ、ダレイチニンオノレノキモチヲワカッテクレルモノハナイ
2,eiooiiiuieaeieoaeiiiooeoioioaaueueuooaai
0,ちょうど、人間だった頃、己の傷つき易い内心を誰も理解してくれなかったように
1,チョウド、ニンゲンダッタコロ、オノレノキズツキヤスイナイシンヲダレモリカイシテクレナカッタヨウニ
2,ouoineauaooooeoiuuiauiaiioaeoiaiieueaauaoui
0,己の毛皮の濡れたのは、夜露のためばかりではない
1,オノレノケガワノヌレタノハ、ヨツユノタメバカリデハナイ
2,ooeoeaaoueaoaouuoaeaaieaai
0,漸く四辺の暗さが薄らいで来た
1,ヨウヤクヨンヘンノクラサガウスライデキタ
2,ouauoeouaaauuaieia
0,木の間を伝って、何処からか、暁角が哀しげに響き始めた
1,コノマヲツタッテ、ドコカラカ、アカツキカクガカナシゲニヒビキハジメタ
2,ooaouaueooaaaaauiauaaaieiiiiaiea
0,最早、別れを告げねばならぬ
1,モハヤ、ワカレヲツゲネバナラヌ
2,oaaaaeoueeaaau
0,酔わねばならぬ時が、（虎に還らねばならぬ時が）近づいたから、と、李徴の声が言った
1,ヨワネバナラヌトキガ、（トラニカエラネバナラヌトキガ）チカヅイタカラ、ト、リシルシノコエガイッタ
2,oaeaaauoiaoaiaeaeaaauoiaiauiaaaoiiuiooeaiua
0,だが、お別れする前にもう一つ頼みがある
1,ダガ、オワカレスルマエニモウヒトツダノミガアル
2,aaoaaeuuaeiouiouaoiaau
0,それは我が妻子のことだ
1,ソレハワガサイシノコトダ
2,oeaaaaiioooa
0,彼等は未だ略にいる
1,カレラハイマダリャクニイル
2,aeaaiaaauiiu
0,固より、己の運命に就いては知る筈がない
1,モトヨリ、オノレノウンメイニツイテハシルハズガナイ
2,oooiooeouneiiuieaiuauaai
0,君が南から帰ったら、己は既に死んだと彼等に告げて貰えないだろうか
1,キミガミナミカラカエッタラ、オノレハスデニシンダトカレラニツゲテモラエナイダロウカ
2,iiaiaiaaaeuaaooeaueiiaoaeaiueeoaeaiaoua
0,決して今日のことだけは明かさないで欲しい
1,ケッシテキョウノコトダケハアカサナイデホシイ
2,eieiouoooaeaaaaaieoii
0,厚かましいお願だが、彼等の孤弱を憐れんで、今後とも道塗に飢凍することのないように計らって戴けるならば、自分にとって、恩倖、これに過ぎたるは莫い
1,アツカマシイオネガイダガ、カレラノコジャクヲアワレンデ、コンゴトモミチヌリニカツエコオスルコトノナイヨウニハカラッテイタダケルナラバ、ジブンニトッテ、オン倖、コレニスギタルハ莫イ
2,auaaiioeaiaaaeaooauoaaeeonoooiiuiiaueoouuoooaiouiaaaueiaaeuaaaiuioeoouoeiuiauaaui
0,言終って、叢中から慟哭の声が聞えた
1,ゲンオワッテ、クサムラチュウカラドウコクノコエガキコエタ
2,eoaueuauauuaaououooeaioea
0,袁もまた涙を泛べ、欣んで李徴の意に副いたい旨を答えた
1,袁モマタナミダヲ泛ベ、欣ンデリシルシノイニフクイタイムネヲコタエタ
2,eoaaaiaoaeineiiuioiiuuiaiueooaea
0,李徴の声はしかし忽ち又先刻の自嘲的な調子に戻って、言った
1,リシルシノコエハシカシタチマチマタセンコクノジチョウテキナチョウシニモドッテ、イッタ
2,iiuiooeaiaiaiaiaaenouoioueiaouiiooueiua
0,本当は、先ず、この事の方を先にお願いすべきだったのだ、己が人間だったなら
1,ホントウハ、マズ、コノコトノホウヲサキニオネガイスベキダッタノダ、オノレガニンゲンダッタナラ
2,onouaauoooooouoaiioeaiueiauaoaooeaineauaaa
0,飢え凍えようとする妻子のことよりも、己の乏しい詩業の方を気にかけているような男だから、こんな獣に身を堕すのだ
1,ウエコゴエヨウトスルサイシノコトヨリモ、オノレノトボシイシギョウノホウヲキニカケテイルヨウナオトコダカラ、コンナジュウニミヲダスノダ
2,ueooeououuaiiooooioooeoooiiiouoouoiiaeeiuouaoooaaaonauuiioauoa
0,そうして、附加えて言うことに、袁が嶺南からの帰途には決してこの途を通らないで欲しい、その時には自分が酔っていて故人を認めずに襲いかかるかも知れないから
1,ソウシテ、フカエテイウコトニ、袁ガミネミナミカラノキトニハケッシテコノトヲトオラナイデホシイ、ソノトキニハジブンガヨッテイテコジンヲミトメズニオソイカカルカモシレナイカラ
2,ouieuaeeiuooieaieiaiaaoioiaeieooooooaaieoiioooiiaiuaoueieoioioeuiooiaauaoieaiaa
0,又、今別れてから、前方百歩の所にある、あの丘に上ったら、此方を振りかえって見て貰いたい
1,マタ、イマワカレテカラ、ゼンポウヒャクホノトコロニアル、アノオカニノボッタラ、此方ヲフリカエッテミテモライタイ
2,aaiaaaeeaaenouauoooooiauaooaioouaaooaaouiaeeieoaiai
0,自分は今の姿をもう一度お目に掛けよう
1,ジブンハイマノスガタヲモウイチドオメニカケヨウ
2,iuaiaouaaoouiiooeiaeou
0,勇に誇ろうとしてではない
1,ユウニホコロウトシテデハナイ
2,uuiooouoieeaai
0,我が醜悪な姿を示して、以て、再び此処を過ぎて自分に会おうとの気持を君に起させない為であると
1,ワガシュウアクナスガタヲシメシテ、モッテ、フタタビココラヲスギテジブンニアオウトノキモチヲキミニオコサセナイタメデアルト
2,aauuauauaaoieieoeuaaiooaouieiuiaouooioioiiiooaeaiaeeauo
0,袁は叢に向って、懇ろに別れの言葉を述べ、馬に上った
1,袁ハクサムラニムカッテ、ネンゴロニワカレノコトバヲノベ、ウマニノボッタ
2,eauauaiuaueenooiaaeoooaooeuaiooua
0,叢の中からは、又、堪え得ざるが如き悲泣の声が洩れた
1,クサムラノナカカラハ、マタ、コタエエザルガゴトキ悲泣ノコエガモレタ
2,uauaoaaaaaaaoaeeauaooiiuuooeaoea
0,袁も幾度か叢を振返りながら、涙の中に出発した
1,袁モイクドカクサムラヲフリカエリナガラ、ナミダノナカニシュッパツシタ
2,eoiuoauauaouiaeiaaaaiaoaaiuauia
0,一行が丘の上についた時、彼等は、言われた通りに振返って、先程の林間の草地を眺めた
1,イッコウガオカノジョウニツイタトキ、カレラハ、イワレタトオリニフリカエッテ、サキホドノリンカンノクサチヲナガメタ
2,iouaoaoouiuiaoiaeaaiaeaooiiuiaeueaioooinaouaioaaea
0,忽ち、一匹の虎が草の茂みから道の上に躍り出たのを彼等は見た
1,タチマチ、イチヒキノトラガクサノシゲミカラミチノジョウニオドリデタノヲカレラハミタ
2,aiaiiiiiooaauaoieiaaiioouiooieaooaeaaia
0,虎は、既に白く光を失った月を仰いで、二声三声咆哮したかと思うと、又、元の叢に躍り入って、再びその姿を見なかった
1,トラハ、スデニシロクヒカリヲウシナッタツキヲアオイデ、ニコエサンコエホウコウシタカトオモウト、マタ、モトノクサムラニオドリハイッテ、フタタビソノスガタヲミナカッタ
2,oaaueiiouiaiouiauauioaoieioeaoeououiaaooouoaaooouauaiooiaiueuaaioouaaoiaaua
